# case_id	artifact	engines	provenance	lesson_note
# Generated for the TypeScript host-subsets conformance corpus; provenance native = pinned native execution (expectations generated by the parent), reference = independent reference model.
core/01-square	cases/core-01-square.ts	native,direct,analyzed,eceval,compiled	native	square by function call
core/02-factorial-recursive	cases/core-02-factorial-recursive.ts	native,direct,analyzed,eceval,compiled	native	recursive factorial, host calls
core/03-factorial-iterative	cases/core-03-factorial-iterative.ts	native,direct,analyzed,eceval,compiled	native	iterative factorial with a while loop over let state
core/04-sqrt-newton	cases/core-04-sqrt-newton.ts	native,direct,analyzed,eceval,compiled	native	Newton iteration over binary64 number with Math.abs tolerance
core/05-gcd	cases/core-05-gcd.ts	native,direct,analyzed,eceval,compiled	native	Euclid remainder recursion
core/06-expt	cases/core-06-expt.ts	native,direct,analyzed,eceval,compiled	native	exponentiation: linear recursion and successive squaring
core/07-fibonacci	cases/core-07-fibonacci.ts	native,direct,analyzed,eceval,compiled	native	tree recursion
core/08-cond-branching	cases/core-08-cond-branching.ts	native,direct,analyzed,eceval,compiled	native	branching via if/else chains and conditional expressions
core/09-predicates	cases/core-09-predicates.ts	native,direct,analyzed,eceval,compiled	native	boolean predicates and short-circuit && and ||
core/10-list-building	cases/core-10-list-building.ts	native,direct,analyzed,eceval,compiled	native	list building as tagged cons/nil records
core/11-append-reverse	cases/core-11-append-reverse.ts	native,direct,analyzed,eceval,compiled	native	append and reverse over cons lists
core/12-count-leaves	cases/core-12-count-leaves.ts	native,direct,analyzed,eceval,compiled	native	recursive tree count over a tagged tree union
core/13-map-filter-accumulate	cases/core-13-map-filter-accumulate.ts	native,direct,analyzed,eceval,compiled	native	higher-order map/filter/accumulate with closures
core/14-higher-order	cases/core-14-higher-order.ts	native,direct,analyzed,eceval,compiled	native	first-class functions: compose, twice, sum of terms
core/15-closure-counter	cases/core-15-closure-counter.ts	native,direct,analyzed,eceval,compiled	native	lexical mutable capture: closures share a let cell
core/16-symbols-quotation	cases/core-16-symbols-quotation.ts	native,direct,analyzed,eceval,compiled	native	symbolic data as explicit tagged-union data (quotation premise re-cut)
core/17-dotted-pairs	cases/core-17-dotted-pairs.ts	native,direct,analyzed,eceval,compiled	native	pair structure as car/cdr records
core/18-strings-display	cases/core-18-strings-display.ts	native,direct,analyzed,eceval,compiled	native	string literals, concatenation, and template display
core/19-deep-recursion	cases/core-19-deep-recursion.ts	native,direct,analyzed,eceval,compiled	native	deep non-tail recursion; engines run on the enlarged-stack entry
core/20-error-stop	cases/core-20-error-stop.ts	native,direct,analyzed,eceval,compiled	native	observation class error: checked-build trap stops the run after its printed prefix
core/metacircular	witnesses/section-9-kernel.ts	native,direct,analyzed,eceval,compiled	native	§9 self-interpreter kernel body verbatim behind the file header; native and every teaching engine print 120
lazy/01-non-strict-application	cases/lazy-01-non-strict-application.ts	reference,lazy	reference	delay/force extension; named mode lazy-memoized-experiment
lazy/02-delay-force	cases/lazy-02-delay-force.ts	reference,lazy	reference	explicit delayed operands and demands
lazy/03-church-pairs	cases/lazy-03-church-pairs.ts	reference,lazy	reference	pair data under named lazy modes
lazy/04-lazy-list	cases/lazy-04-lazy-list.ts	reference,lazy	reference	lazy sequence over Thunk/Force
amb/01-amb-basics	cases/amb-01-amb-basics.ts	reference,search	reference	choose/require, depth-first written order
amb/02-prime-sum-pair	cases/amb-02-prime-sum-pair.ts	reference,search	reference	choice points with guards
amb/03-multiple-dwelling	cases/amb-03-multiple-dwelling.ts	reference,search	reference	trailed assignment rollback
amb/04-pythagorean-triples	cases/amb-04-pythagorean-triples.ts	reference,search	reference	nested choice enumeration
query/01-basic-personnel	cases/query-01-basic-personnel.mts	reference,query	reference	typed Query data; ordered answers
query/02-compound-queries	cases/query-02-compound-queries.mts	reference,query	reference	And/Or/Not composition
query/03-rules	cases/query-03-rules.mts	reference,query	reference	rule application with renamed variables
query/04-append-form	cases/query-04-append-form.mts	reference,query	reference	recursive rule over Pair terms
machine/01-gcd	cases/machine-01-gcd.mts	reference,machine	reference	typed controller constructors; simulator transcript
machine/02-factorial-recursive	cases/machine-02-factorial-recursive.mts	reference,machine	reference	save/restore stack discipline
machine/03-fibonacci	cases/machine-03-fibonacci.mts	reference,machine	reference	nested machine recursion
machine/04-gcd-print	cases/machine-04-gcd-print.mts	reference,machine	reference	perform print transcript
compiler/01-primitive-combination	cases/compiler-01-primitive-combination.ts	native,direct,analyzed,eceval,compiled	native	typed instruction sequences; preserving liveness
compiler/02-factorial	cases/compiler-02-factorial.ts	native,direct,analyzed,eceval,compiled	native	compiled factorial agreement with direct
